eventID,sceneID,speakerID,Mia Toretto (1),Brian O'Conner (2),Vince (3),Jesse (4),Leon (5),Letty (6),Dominic Toretto (7),Harry (8),Hector (9),Edwin (10),Gimel (11),Monica (12),Danny Yamato (13),Lance Nguyen (14),Johnny Tran (15),Sgt. Tanner (16),Muse (17),Agent Bilkins (18),Ted Gassner (19)
1,1,1,0,1,0,0,0,0,0,0,0,0,0,0,0,0,0,0,0,0,0
2,1,2,1,0,0,0,0,0,0,0,0,0,0,0,0,0,0,0,0,0,0
3,1,1,0,1,0,0,0,0,0,0,0,0,0,0,0,0,0,0,0,0,0
4,1,2,1,0,0,0,0,0,0,0,0,0,0,0,0,0,0,0,0,0,0
5,1,1,0,1,0,0,0,0,0,0,0,0,0,0,0,0,0,0,0,0,0
6,1,2,1,0,0,0,0,0,0,0,0,0,0,0,0,0,0,0,0,0,0
7,1,2,1,0,0,0,0,0,0,0,0,0,0,0,0,0,0,0,0,0,0
8,2,3,0,0,0,1,0,0,0,0,0,0,0,0,0,0,0,0,0,0,0
9,2,4,0,0,1,0,0,0,0,0,0,0,0,0,0,0,0,0,0,0,0
10,2,5,0,0,1,0,0,0,0,0,0,0,0,0,0,0,0,0,0,0,0
11,2,3,0,0,0,0,1,0,0,0,0,0,0,0,0,0,0,0,0,0,0
12,2,4,0,0,1,0,0,0,0,0,0,0,0,0,0,0,0,0,0,0,0
13,2,3,0,0,0,1,1,1,0,0,0,0,0,0,0,0,0,0,0,0,0
14,2,5,0,0,1,0,0,0,0,0,0,0,0,0,0,0,0,0,0,0,0
15,2,6,0,0,1,0,0,0,0,0,0,0,0,0,0,0,0,0,0,0,0
16,2,3,0,0,0,0,0,1,0,0,0,0,0,0,0,0,0,0,0,0,0
17,2,4,0,0,1,0,0,0,0,0,0,0,0,0,0,0,0,0,0,0,0
18,3,1,0,0,1,1,1,1,0,0,0,0,0,0,0,0,0,0,0,0,0
19,3,4,1,0,0,0,0,0,0,0,0,0,0,0,0,0,0,0,0,0,0
20,3,6,1,0,0,0,0,0,0,0,0,0,0,0,0,0,0,0,0,0,0
21,3,6,0,0,0,0,0,0,1,0,0,0,0,0,0,0,0,0,0,0,0
22,3,4,0,0,0,0,1,0,0,0,0,0,0,0,0,0,0,0,0,0,0
23,3,5,0,0,0,1,0,0,0,0,0,0,0,0,0,0,0,0,0,0,0
24,3,1,0,0,1,0,0,0,0,0,0,0,0,0,0,0,0,0,0,0,0
25,3,1,0,0,1,0,0,0,0,0,0,0,0,0,0,0,0,0,0,0,0
26,3,3,1,0,0,0,0,0,0,0,0,0,0,0,0,0,0,0,0,0,0
27,3,1,0,0,1,0,0,0,0,0,0,0,0,0,0,0,0,0,0,0,0
28,3,3,1,0,0,0,0,0,0,0,0,0,0,0,0,0,0,0,0,0,0
29,3,2,1,0,0,0,0,0,0,0,0,0,0,0,0,0,0,0,0,0,0
30,3,1,0,1,0,0,0,0,0,0,0,0,0,0,0,0,0,0,0,0,0
31,3,5,0,0,0,1,0,0,0,0,0,0,0,0,0,0,0,0,0,0,0
32,3,3,0,1,0,0,0,0,0,0,0,0,0,0,0,0,0,0,0,0,0
33,3,3,0,1,0,0,0,0,0,0,0,0,0,0,0,0,0,0,0,0,0
34,3,1,0,0,1,0,0,0,0,0,0,0,0,0,0,0,0,0,0,0,0
35,3,3,0,1,0,0,0,0,0,0,0,0,0,0,0,0,0,0,0,0,0
36,3,1,0,0,1,0,0,0,0,0,0,0,0,0,0,0,0,0,0,0,0
37,3,1,0,0,0,0,0,0,1,0,0,0,0,0,0,0,0,0,0,0,0
38,3,1,0,0,0,0,0,0,1,0,0,0,0,0,0,0,0,0,0,0,0
39,3,7,1,0,0,0,0,0,0,0,0,0,0,0,0,0,0,0,0,0,0
40,3,1,0,0,0,0,0,0,1,0,0,0,0,0,0,0,0,0,0,0,0
41,3,6,0,0,0,0,0,0,1,0,0,0,0,0,0,0,0,0,0,0,0
42,3,7,0,0,0,0,0,1,0,0,0,0,0,0,0,0,0,0,0,0,0
43,3,2,0,0,0,0,0,0,1,0,0,0,0,0,0,0,0,0,0,0,0
44,3,7,0,1,0,0,0,0,0,0,0,0,0,0,0,0,0,0,0,0,0
45,3,7,0,0,1,0,0,0,0,0,0,0,0,0,0,0,0,0,0,0,0
46,3,5,0,0,1,0,0,0,0,0,0,0,0,0,0,0,0,0,0,0,0
47,3,7,0,0,0,1,0,0,0,0,0,0,0,0,0,0,0,0,0,0,0
48,3,7,0,1,0,0,0,0,0,0,0,0,0,0,0,0,0,0,0,0,0
49,3,2,0,0,0,0,0,0,1,0,0,0,0,0,0,0,0,0,0,0,0
50,3,7,0,1,0,0,0,0,0,0,0,0,0,0,0,0,0,0,0,0,0
51,3,2,0,0,0,0,0,0,1,0,0,0,0,0,0,0,0,0,0,0,0
52,3,7,0,1,0,0,0,0,0,0,0,0,0,0,0,0,0,0,0,0,0
53,3,2,0,0,0,0,0,0,1,0,0,0,0,0,0,0,0,0,0,0,0
54,3,7,0,1,0,0,0,0,0,0,0,0,0,0,0,0,0,0,0,0,0
55,4,8,0,0,0,0,0,0,1,0,0,0,0,0,0,0,0,0,0,0,0
56,4,8,0,1,0,0,0,0,0,0,0,0,0,0,0,0,0,0,0,0,0
57,4,2,0,0,0,0,0,0,0,1,0,0,0,0,0,0,0,0,0,0,0
58,4,8,0,1,0,0,0,0,0,0,0,0,0,0,0,0,0,0,0,0,0
59,4,2,0,0,0,0,0,0,0,1,0,0,0,0,0,0,0,0,0,0,0
60,4,8,0,1,0,0,0,0,0,0,0,0,0,0,0,0,0,0,0,0,0
61,4,2,0,0,0,0,0,0,0,1,0,0,0,0,0,0,0,0,0,0,0
62,4,8,0,1,0,0,0,0,0,0,0,0,0,0,0,0,0,0,0,0,0
63,4,2,0,0,0,0,0,0,0,1,0,0,0,0,0,0,0,0,0,0,0
64,4,8,0,1,0,0,0,0,0,0,0,0,0,0,0,0,0,0,0,0,0
65,4,2,0,0,0,0,0,0,0,1,0,0,0,0,0,0,0,0,0,0,0
66,4,2,0,0,0,0,0,0,0,1,0,0,0,0,0,0,0,0,0,0,0
67,4,8,0,1,0,0,0,0,0,0,0,0,0,0,0,0,0,0,0,0,0
68,4,2,0,0,0,0,0,0,0,1,0,0,0,0,0,0,0,0,0,0,0
69,4,8,0,1,0,0,0,0,0,0,0,0,0,0,0,0,0,0,0,0,0
70,4,2,0,0,0,0,0,0,0,1,0,0,0,0,0,0,0,0,0,0,0
71,5,9,0,1,0,0,0,0,0,0,0,0,0,0,0,0,0,0,0,0,0
72,5,9,0,1,0,0,0,0,0,0,0,0,0,0,0,0,0,0,0,0,0
73,5,2,0,0,0,0,0,0,0,0,1,0,0,0,0,0,0,0,0,0,0
74,5,9,0,1,0,0,0,0,0,0,0,0,0,0,0,0,0,0,0,0,0
75,5,2,0,0,0,0,0,0,0,0,1,0,0,0,0,0,0,0,0,0,0
76,5,9,0,1,0,0,0,0,0,0,0,0,0,0,0,0,0,0,0,0,0
77,5,9,0,1,0,0,0,0,0,0,0,0,0,0,0,0,0,0,0,0,0
78,5,2,0,0,0,0,0,0,0,0,1,0,0,0,0,0,0,0,0,0,0
79,5,9,0,1,0,0,0,0,0,0,0,0,0,0,0,0,0,0,0,0,0
80,5,2,0,0,0,0,0,0,0,0,1,0,0,0,0,0,0,0,0,0,0
81,5,9,0,1,0,0,0,0,0,0,0,0,0,0,0,0,0,0,0,0,0
82,5,9,0,1,0,0,0,0,0,0,0,0,0,0,0,0,0,0,0,0,0
83,5,2,0,0,0,0,0,0,0,0,1,0,0,0,0,0,0,0,0,0,0
84,5,10,0,1,0,0,0,0,0,0,0,0,0,0,0,0,0,0,0,0,0
85,5,2,0,0,0,0,0,0,0,0,0,1,0,0,0,0,0,0,0,0,0
86,5,10,0,1,0,0,0,0,0,0,0,0,0,0,0,0,0,0,0,0,0
87,5,10,0,1,0,0,0,0,0,0,0,0,0,0,0,0,0,0,0,0,0
88,5,11,0,0,0,0,0,0,1,0,0,0,0,0,0,0,0,0,0,0,0
89,5,7,0,0,0,0,0,0,0,0,0,0,1,0,0,0,0,0,0,0,0
90,5,11,0,0,0,0,0,0,1,0,0,0,0,0,0,0,0,0,0,0,0
91,5,7,0,0,0,0,0,0,0,0,0,0,1,0,0,0,0,0,0,0,0
92,5,12,0,0,0,0,0,0,1,0,0,0,0,0,0,0,0,0,0,0,0
93,5,7,0,0,0,0,0,0,0,0,0,0,0,1,0,0,0,0,0,0,0
94,5,6,0,0,0,0,0,0,0,0,0,0,1,1,0,0,0,0,0,0,0
95,5,11,0,0,0,0,0,1,0,0,0,0,0,0,0,0,0,0,0,0,0
96,5,7,0,0,0,0,0,1,0,0,0,0,0,0,0,0,0,0,0,0,0
97,5,6,0,0,0,0,0,0,1,0,0,0,0,0,0,0,0,0,0,0,0
98,5,7,0,0,0,0,0,0,0,0,1,0,0,0,0,0,0,0,0,0,0
99,5,9,0,0,0,0,0,0,1,0,0,0,0,0,0,0,0,0,0,0,0
100,5,10,0,0,0,0,0,0,1,0,0,0,0,0,0,0,0,0,0,0,0
101,5,7,0,0,0,0,0,0,0,0,0,1,0,0,0,0,0,0,0,0,0
102,5,10,0,0,0,0,0,0,1,0,0,0,0,0,0,0,0,0,0,0,0
103,5,7,0,0,0,0,0,0,0,0,1,1,0,0,1,0,0,0,0,0,0
104,5,13,0,0,0,0,0,0,1,0,0,0,0,0,0,0,0,0,0,0,0
105,5,10,0,0,0,0,0,0,0,0,0,0,0,0,1,0,0,0,0,0,0
106,5,7,0,0,0,0,0,0,0,0,1,1,0,0,1,0,0,0,0,0,0
107,5,2,0,0,0,0,0,0,1,0,1,1,0,0,1,0,0,0,0,0,0
108,5,4,0,1,0,0,0,0,0,0,0,0,0,0,0,0,0,0,0,0,0
109,5,2,0,0,0,1,0,0,0,0,0,0,0,0,0,0,0,0,0,0,0
110,5,2,0,0,0,0,0,0,1,0,1,1,0,0,1,0,0,0,0,0,0
111,5,2,0,0,0,0,0,0,1,0,0,0,0,0,0,0,0,0,0,0,0
112,5,7,0,1,0,0,0,0,0,0,0,0,0,0,0,0,0,0,0,0,0
113,5,4,0,0,0,0,0,0,1,0,0,0,0,0,0,0,0,0,0,0,0
114,5,7,0,1,0,1,0,0,0,0,0,0,0,0,0,0,0,0,0,0,0
115,5,10,0,0,0,0,0,0,1,0,0,0,0,0,0,0,0,0,0,0,0
116,5,7,0,0,0,0,0,0,0,0,0,1,0,0,0,0,0,0,0,0,0
117,5,2,0,0,0,0,0,0,1,0,0,0,0,0,0,0,0,0,0,0,0
118,5,7,0,1,0,0,0,0,0,0,0,0,0,0,0,0,0,0,0,0,0
119,5,7,0,1,0,1,0,0,0,0,1,1,0,0,1,0,0,0,0,0,0
120,6,5,0,0,0,0,0,0,0,0,1,0,0,0,0,0,0,0,0,0,0
121,6,9,0,0,0,0,1,0,0,0,0,0,0,0,0,0,0,0,0,0,0
122,6,12,0,0,0,0,0,0,0,0,0,1,0,0,0,0,0,0,0,0,0
123,6,5,0,0,0,0,0,0,0,0,1,0,0,0,0,0,0,0,0,0,0
124,6,9,0,0,0,0,1,0,0,0,0,0,0,0,0,0,0,0,0,0,0
125,7,9,0,0,0,0,0,0,1,0,0,0,0,0,0,0,0,0,0,0,0
126,7,4,0,0,0,0,0,0,1,0,0,0,0,0,0,0,0,0,0,0,0
127,7,7,0,0,0,1,0,0,0,0,0,0,0,0,0,0,0,0,0,0,0
128,7,7,0,0,0,0,0,1,0,0,0,0,0,0,0,0,0,0,0,0,0
129,7,10,0,0,0,0,0,0,0,0,0,0,0,1,0,0,0,0,0,0,0
130,7,12,0,0,0,0,0,0,0,0,0,1,0,0,0,0,0,0,0,0,0
131,7,10,0,0,0,0,0,0,0,0,0,0,0,1,0,0,0,0,0,0,0
132,7,4,0,1,0,0,0,0,0,0,0,0,0,0,0,0,0,0,0,0,0
133,7,7,0,1,0,0,0,0,0,0,0,0,0,0,0,0,0,0,0,0,0
134,7,2,0,0,0,0,0,0,1,0,0,0,0,0,0,0,0,0,0,0,0
135,7,7,0,1,0,0,0,0,0,0,0,0,0,0,0,0,0,0,0,0,0
136,7,7,0,1,0,0,0,0,0,0,0,0,0,0,0,0,0,0,0,0,0
137,7,7,0,1,0,0,0,0,0,0,0,0,0,0,0,0,0,0,0,0,0
138,7,7,0,1,0,0,0,0,0,0,0,0,0,0,0,0,0,0,0,0,0
139,8,2,0,0,0,0,0,0,1,0,0,0,0,0,0,0,0,0,0,0,0
140,8,7,0,1,0,0,0,0,0,0,0,0,0,0,0,0,0,0,0,0,0
141,8,2,0,0,0,0,0,0,1,0,0,0,0,0,0,0,0,0,0,0,0
142,8,7,0,1,0,0,0,0,0,0,0,0,0,0,0,0,0,0,0,0,0
143,8,7,0,1,0,0,0,0,0,0,0,0,0,0,0,0,0,0,0,0,0
144,8,2,0,0,0,0,0,0,1,0,0,0,0,0,0,0,0,0,0,0,0
145,8,7,0,1,0,0,0,0,0,0,0,0,0,0,0,0,0,0,0,0,0
146,8,2,0,0,0,0,0,0,1,0,0,0,0,0,0,0,0,0,0,0,0
147,8,7,0,1,0,0,0,0,0,0,0,0,0,0,0,0,0,0,0,0,0
148,8,2,0,0,0,0,0,0,1,0,0,0,0,0,0,0,0,0,0,0,0
149,8,7,0,1,0,0,0,0,0,0,0,0,0,0,0,0,0,0,0,0,0
150,8,7,0,1,0,0,0,0,0,0,0,0,0,0,0,0,0,0,0,0,0
151,8,2,0,0,0,0,0,0,1,0,0,0,0,0,0,0,0,0,0,0,0
152,8,7,0,1,0,0,0,0,0,0,0,0,0,0,0,0,0,0,0,0,0
153,8,7,0,1,0,0,0,0,0,0,0,0,0,0,0,0,0,0,0,0,0
154,8,2,0,0,0,0,0,0,1,0,0,0,0,0,0,0,0,0,0,0,0
155,8,7,0,1,0,0,0,0,0,0,0,0,0,0,0,0,0,0,0,0,0
156,8,14,0,1,0,0,0,0,1,0,0,0,0,0,0,0,0,0,0,0,0
157,9,15,0,0,0,0,0,0,1,0,0,0,0,0,0,0,0,0,0,0,0
158,9,7,0,0,0,0,0,0,0,0,0,0,0,0,0,0,1,0,0,0,0
159,9,15,0,0,0,0,0,0,1,0,0,0,0,0,0,0,0,0,0,0,0
160,9,7,0,0,0,0,0,0,0,0,0,0,0,0,0,0,1,0,0,0,0
161,9,7,0,1,0,0,0,0,0,0,0,0,0,0,0,0,0,0,0,0,0
162,9,7,0,0,0,0,0,0,0,0,0,0,0,0,0,0,1,0,0,0,0
163,9,15,0,1,0,0,0,0,0,0,0,0,0,0,0,0,0,0,0,0,0
164,9,2,0,0,0,0,0,0,0,0,0,0,0,0,0,0,1,0,0,0,0
165,9,7,0,1,0,0,0,0,0,0,0,0,0,0,0,0,0,0,0,0,0
166,9,15,0,1,0,0,0,0,1,0,0,0,0,0,0,0,0,0,0,0,0
167,9,15,0,0,0,0,0,0,0,0,0,0,0,0,0,1,0,0,0,0,0
168,9,14,0,0,0,0,0,0,0,0,0,0,0,0,0,0,1,0,0,0,0
169,9,15,0,0,0,0,0,0,0,0,0,0,0,0,0,1,0,0,0,0,0
170,9,15,0,0,0,0,0,0,1,0,0,0,0,0,0,0,0,0,0,0,0
171,9,7,0,0,0,0,0,0,0,0,0,0,0,0,0,0,1,0,0,0,0
172,9,15,0,0,0,0,0,0,1,0,0,0,0,0,0,0,0,0,0,0,0
173,9,2,0,0,0,0,0,0,1,0,0,0,0,0,0,0,0,0,0,0,0
174,9,7,0,1,0,0,0,0,0,0,0,0,0,0,0,0,0,0,0,0,0
175,9,7,0,1,0,0,0,0,0,0,0,0,0,0,0,0,0,0,0,0,0
176,10,2,0,0,0,0,0,0,1,0,0,0,0,0,0,0,0,0,0,0,0
177,10,7,0,1,0,0,0,0,0,0,0,0,0,0,0,0,0,0,0,0,0
178,10,2,0,0,0,0,0,0,1,0,0,0,0,0,0,0,0,0,0,0,0
179,10,7,0,1,0,0,0,0,0,0,0,0,0,0,0,0,0,0,0,0,0
180,11,2,0,0,0,0,0,0,1,0,0,0,0,0,0,0,0,0,0,0,0
181,11,7,0,1,0,0,0,0,0,0,0,0,0,0,0,0,0,0,0,0,0
182,11,2,0,0,0,0,0,0,1,0,0,0,0,0,0,0,0,0,0,0,0
183,11,5,0,0,0,0,0,0,1,0,0,0,0,0,0,0,0,0,0,0,0
184,11,7,0,0,1,0,0,0,0,0,0,0,0,0,0,0,0,0,0,0,0
185,11,3,0,0,0,0,0,0,1,0,0,0,0,0,0,0,0,0,0,0,0
186,11,7,0,0,1,0,0,0,0,0,0,0,0,0,0,0,0,0,0,0,0
187,11,3,0,0,0,0,0,0,1,0,0,0,0,0,0,0,0,0,0,0,0
188,11,7,0,0,0,1,0,0,0,0,0,0,0,0,0,0,0,0,0,0,0
189,11,6,0,0,0,0,0,0,1,0,0,0,0,0,0,0,0,0,0,0,0
190,11,7,0,0,0,0,0,1,0,0,0,0,0,0,0,0,0,0,0,0,0
191,11,6,0,0,0,0,0,0,1,0,0,0,0,0,0,0,0,0,0,0,0
192,11,3,0,0,0,0,0,0,1,0,0,0,0,0,0,0,0,0,0,0,0
193,11,7,0,0,1,0,0,0,0,0,0,0,0,0,0,0,0,0,0,0,0
194,11,7,0,1,0,0,0,0,0,0,0,0,0,0,0,0,0,0,0,0,0
195,11,2,0,0,0,0,0,0,1,0,0,0,0,0,0,0,0,0,0,0,0
196,11,7,0,1,0,0,0,0,0,0,0,0,0,0,0,0,0,0,0,0,0
197,11,2,0,0,0,0,0,0,1,0,0,0,0,0,0,0,0,0,0,0,0
198,11,3,0,0,0,0,0,0,1,0,0,0,0,0,0,0,0,0,0,0,0
199,11,5,0,0,0,0,0,0,1,0,0,0,0,0,0,0,0,0,0,0,0
200,11,7,0,0,1,0,0,0,0,0,0,0,0,0,0,0,0,0,0,0,0
201,11,3,0,0,0,0,0,0,1,0,0,0,0,0,0,0,0,0,0,0,0
202,11,7,0,0,0,0,1,0,0,0,0,0,0,0,0,0,0,0,0,0,0
203,11,5,0,0,0,0,0,0,1,0,0,0,0,0,0,0,0,0,0,0,0
204,11,6,0,0,0,0,1,0,0,0,0,0,0,0,0,0,0,0,0,0,0
205,11,7,0,0,0,0,1,0,0,0,0,0,0,0,0,0,0,0,0,0,0
206,11,6,0,0,0,0,0,0,1,0,0,0,0,0,0,0,0,0,0,0,0
207,11,7,0,0,0,0,0,1,0,0,0,0,0,0,0,0,0,0,0,0,0
208,11,6,0,0,0,0,0,0,1,0,0,0,0,0,0,0,0,0,0,0,0
209,11,7,0,1,0,0,0,0,0,0,0,0,0,0,0,0,0,0,0,0,0
210,11,6,0,1,0,0,0,0,0,0,0,0,0,0,0,0,0,0,0,0,0
211,11,3,0,1,0,0,0,0,0,0,0,0,0,0,0,0,0,0,0,0,0
212,11,1,0,0,1,0,0,0,0,0,0,0,0,0,0,0,0,0,0,0,0
213,11,1,0,1,0,0,0,0,0,0,0,0,0,0,0,0,0,0,0,0,0
214,11,5,0,1,0,0,0,0,0,0,0,0,0,0,0,0,0,0,0,0,0
215,11,2,1,0,0,0,0,0,0,0,0,0,0,0,0,0,0,0,0,0,0
216,11,1,0,1,0,0,0,0,0,0,0,0,0,0,0,0,0,0,0,0,0
217,11,1,0,1,0,0,0,0,0,0,0,0,0,0,0,0,0,0,0,0,0
218,11,2,1,0,0,0,0,0,0,0,0,0,0,0,0,0,0,0,0,0,0
219,11,1,0,1,0,0,0,0,0,0,0,0,0,0,0,0,0,0,0,0,0
220,11,2,1,0,0,0,0,0,0,0,0,0,0,0,0,0,0,0,0,0,0
221,11,1,0,1,0,0,0,0,0,0,0,0,0,0,0,0,0,0,0,0,0
222,11,2,1,0,0,0,0,0,0,0,0,0,0,0,0,0,0,0,0,0,0
223,11,1,0,1,0,0,0,0,0,0,0,0,0,0,0,0,0,0,0,0,0
224,11,2,1,0,0,0,0,0,0,0,0,0,0,0,0,0,0,0,0,0,0
225,11,1,0,1,0,0,0,0,0,0,0,0,0,0,0,0,0,0,0,0,0
226,12,16,0,1,0,0,0,0,0,0,0,0,0,0,0,0,0,0,0,0,0
227,12,16,0,1,0,0,0,0,0,0,0,0,0,0,0,0,0,0,0,0,0
228,12,2,0,0,0,0,0,0,0,0,0,0,0,0,0,0,0,0,1,0,0
229,12,16,0,1,0,0,0,0,0,0,0,0,0,0,0,0,0,0,0,0,0
230,12,17,0,0,0,0,0,0,0,0,0,0,0,0,0,0,0,1,0,0,0
231,13,2,0,0,0,0,0,0,0,0,0,0,0,0,0,0,0,0,1,0,0
232,13,17,0,1,0,0,0,0,0,0,0,0,0,0,0,0,0,0,0,0,0
233,13,16,0,1,0,0,0,0,0,0,0,0,0,0,0,0,0,0,0,0,0
234,13,2,0,0,0,0,0,0,0,0,0,0,0,0,0,0,0,1,0,0,0
235,13,16,0,1,0,0,0,0,0,0,0,0,0,0,0,0,0,0,0,0,0
236,13,2,0,0,0,0,0,0,0,0,0,0,0,0,0,0,0,0,1,0,0
237,13,16,0,0,0,0,0,0,0,0,0,0,0,0,0,0,0,0,0,1,0
238,13,18,0,1,0,0,0,0,0,0,0,0,0,0,0,0,0,0,0,0,0
239,13,2,0,0,0,0,0,0,0,0,0,0,0,0,0,0,0,1,0,0,0
240,13,16,0,1,0,0,0,0,0,0,0,0,0,0,0,0,0,0,0,0,0
241,13,2,0,0,0,0,0,0,0,0,0,0,0,0,0,0,0,0,0,1,0
242,13,16,0,1,0,0,0,0,0,0,0,0,0,0,0,0,0,0,0,0,0
243,13,18,0,0,0,0,0,0,0,0,0,0,0,0,0,0,0,1,0,0,0
244,13,2,0,0,0,0,0,0,0,0,0,0,0,0,0,0,0,1,0,0,0
245,13,16,0,1,0,0,0,0,0,0,0,0,0,0,0,0,0,0,0,0,0
246,13,16,0,0,0,0,0,0,0,0,0,0,0,0,0,0,0,0,1,0,0
247,13,16,0,1,0,0,0,0,0,0,0,0,0,0,0,0,0,0,0,0,0
248,13,17,0,0,0,0,0,0,0,0,0,0,0,0,0,0,0,1,0,0,0
249,13,16,0,0,0,0,0,0,0,0,0,0,0,0,0,0,0,0,1,0,0
250,14,18,0,1,0,0,0,0,0,0,0,0,0,0,0,0,0,0,0,0,0
251,14,16,0,1,0,0,0,0,0,0,0,0,0,0,0,0,0,0,0,0,0
252,14,18,0,1,0,0,0,0,0,0,0,0,0,0,0,0,0,0,0,0,0
253,14,2,0,0,0,0,0,0,0,0,0,0,0,0,0,0,0,1,0,1,0
254,14,16,0,1,0,0,0,0,0,0,0,0,0,0,0,0,0,0,0,0,0
255,14,18,0,1,0,0,0,0,0,0,0,0,0,0,0,0,0,0,0,0,0
256,14,2,0,0,0,0,0,0,0,0,0,0,0,0,0,0,0,1,0,1,0
257,14,18,0,1,0,0,0,0,0,0,0,0,0,0,0,0,0,0,0,0,0
258,15,16,0,1,0,0,0,0,0,0,0,0,0,0,0,0,0,0,0,0,0
259,15,2,0,0,0,0,0,0,0,0,0,0,0,0,0,0,0,1,0,0,0
260,15,16,0,1,0,0,0,0,0,0,0,0,0,0,0,0,0,0,0,0,0
261,15,2,0,0,0,0,0,0,0,0,0,0,0,0,0,0,0,1,0,0,0
262,15,16,0,1,0,0,0,0,0,0,0,0,0,0,0,0,0,0,0,0,0
263,15,2,0,0,0,0,0,0,0,0,0,0,0,0,0,0,0,1,0,0,0
264,16,1,0,0,0,0,0,0,1,0,0,0,0,0,0,0,0,0,0,0,0
265,16,7,1,0,0,0,0,0,0,0,0,0,0,0,0,0,0,0,0,0,0
266,16,1,0,0,0,0,0,0,1,0,0,0,0,0,0,0,0,0,0,0,0
267,16,7,0,1,0,0,0,0,0,0,0,0,0,0,0,0,0,0,0,0,0
268,16,2,0,0,0,0,0,0,1,0,0,0,0,0,0,0,0,0,0,0,0
269,16,7,0,1,0,0,0,0,0,0,0,0,0,0,0,0,0,0,0,0,0
270,16,4,0,0,0,0,0,0,1,0,0,0,0,0,0,0,0,0,0,0,0
271,16,7,0,0,0,1,0,0,0,0,0,0,0,0,0,0,0,0,0,0,0
272,16,2,0,0,0,0,0,0,1,0,0,0,0,0,0,0,0,0,0,0,0
273,16,7,0,1,0,0,0,0,0,0,0,0,0,0,0,0,0,0,0,0,0
274,16,2,0,0,0,1,0,0,0,0,0,0,0,0,0,0,0,0,0,0,0
275,16,7,0,1,0,0,0,0,0,0,0,0,0,0,0,0,0,0,0,0,0
276,16,2,0,0,0,0,0,0,1,0,0,0,0,0,0,0,0,0,0,0,0
277,16,4,0,1,0,0,0,0,1,0,0,0,0,0,0,0,0,0,0,0,0
278,16,2,0,0,0,0,0,0,1,0,0,0,0,0,0,0,0,0,0,0,0
279,16,7,0,1,0,0,0,0,0,0,0,0,0,0,0,0,0,0,0,0,0
280,16,4,0,1,0,0,0,0,1,0,0,0,0,0,0,0,0,0,0,0,0
281,16,7,0,0,0,1,0,0,0,0,0,0,0,0,0,0,0,0,0,0,0
282,16,4,0,0,0,0,0,0,1,0,0,0,0,0,0,0,0,0,0,0,0
283,16,7,0,1,0,0,0,0,0,0,0,0,0,0,0,0,0,0,0,0,0
284,16,7,0,1,0,0,0,0,0,0,0,0,0,0,0,0,0,0,0,0,0
285,16,1,0,1,0,0,0,0,0,0,0,0,0,0,0,0,0,0,0,0,0
286,17,4,0,1,0,0,0,0,0,0,0,0,0,0,0,0,0,0,0,0,0
287,17,2,0,0,0,1,0,0,0,0,0,0,0,0,0,0,0,0,0,0,0
288,17,4,0,1,0,0,0,0,0,0,0,0,0,0,0,0,0,0,0,0,0
289,17,2,0,0,0,1,0,0,0,0,0,0,0,0,0,0,0,0,0,0,0
290,17,4,0,1,0,0,0,0,0,0,0,0,0,0,0,0,0,0,0,0,0
291,18,3,0,0,0,0,1,1,0,0,0,0,0,0,0,0,0,0,0,0,0
292,18,5,0,0,1,0,0,0,0,0,0,0,0,0,0,0,0,0,0,0,0
293,18,6,0,0,1,0,0,0,0,0,0,0,0,0,0,0,0,0,0,0,0
294,18,7,0,0,1,0,0,0,0,0,0,0,0,0,0,0,0,0,0,0,0
295,18,3,0,0,0,0,0,0,1,0,0,0,0,0,0,0,0,0,0,0,0
296,19,7,1,0,0,0,0,0,0,0,0,0,0,0,0,0,0,0,0,0,0
297,19,1,0,0,0,0,0,0,1,0,0,0,0,0,0,0,0,0,0,0,0
298,19,7,0,0,0,1,0,0,0,0,0,0,0,0,0,0,0,0,0,0,0
299,19,5,0,0,0,1,0,0,0,0,0,0,0,0,0,0,0,0,0,0,0
300,19,4,0,0,0,0,1,0,0,0,0,0,0,0,0,0,0,0,0,0,0
301,19,7,0,0,0,1,0,0,0,0,0,0,0,0,0,0,0,0,0,0,0
302,19,1,0,0,0,1,0,0,0,0,0,0,0,0,0,0,0,0,0,0,0
303,19,6,0,0,0,1,0,0,0,0,0,0,0,0,0,0,0,0,0,0,0
304,19,5,0,0,1,0,0,0,0,0,0,0,0,0,0,0,0,0,0,0,0
305,19,3,0,0,0,0,1,0,0,0,0,0,0,0,0,0,0,0,0,0,0
306,19,6,0,0,0,0,1,0,0,0,0,0,0,0,0,0,0,0,0,0,0
307,19,7,0,0,1,0,0,0,0,0,0,0,0,0,0,0,0,0,0,0,0
308,19,3,1,0,0,0,0,0,0,0,0,0,0,0,0,0,0,0,0,0,0
309,19,6,0,0,1,0,0,0,0,0,0,0,0,0,0,0,0,0,0,0,0
310,20,2,1,0,0,0,0,0,0,0,0,0,0,0,0,0,0,0,0,0,0
311,20,1,0,1,0,0,0,0,0,0,0,0,0,0,0,0,0,0,0,0,0
312,20,2,1,0,0,0,0,0,0,0,0,0,0,0,0,0,0,0,0,0,0
313,20,1,0,1,0,0,0,0,0,0,0,0,0,0,0,0,0,0,0,0,0
314,20,2,1,0,0,0,0,0,0,0,0,0,0,0,0,0,0,0,0,0,0
315,20,1,0,1,0,0,0,0,0,0,0,0,0,0,0,0,0,0,0,0,0
316,20,2,1,0,0,0,0,0,0,0,0,0,0,0,0,0,0,0,0,0,0
317,20,1,0,1,0,0,0,0,0,0,0,0,0,0,0,0,0,0,0,0,0
318,20,3,0,1,0,0,0,0,0,0,0,0,0,0,0,0,0,0,0,0,0
319,20,1,0,0,1,0,0,0,0,0,0,0,0,0,0,0,0,0,0,0,0
320,20,3,1,0,0,0,0,0,0,0,0,0,0,0,0,0,0,0,0,0,0
321,20,3,0,1,0,0,0,0,0,0,0,0,0,0,0,0,0,0,0,0,0
322,20,3,1,1,0,0,0,0,0,0,0,0,0,0,0,0,0,0,0,0,0
323,20,1,0,0,1,0,0,0,0,0,0,0,0,0,0,0,0,0,0,0,0
324,20,1,0,0,1,0,0,0,0,0,0,0,0,0,0,0,0,0,0,0,0
325,20,3,1,0,0,0,0,0,0,0,0,0,0,0,0,0,0,0,0,0,0
326,20,1,0,0,1,0,0,0,0,0,0,0,0,0,0,0,0,0,0,0,0
327,20,3,1,0,0,0,0,0,0,0,0,0,0,0,0,0,0,0,0,0,0
328,20,1,0,0,1,0,0,0,0,0,0,0,0,0,0,0,0,0,0,0,0
329,20,1,0,1,0,0,0,0,0,0,0,0,0,0,0,0,0,0,0,0,0
330,20,2,1,0,0,0,0,0,0,0,0,0,0,0,0,0,0,0,0,0,0
331,20,3,0,0,0,0,0,0,1,0,0,0,0,0,0,0,0,0,0,0,0
332,21,9,0,0,0,0,0,0,0,1,0,0,0,0,0,0,0,0,0,0,0
333,21,8,0,0,0,0,0,0,0,0,1,0,0,0,0,0,0,0,0,0,0
334,21,9,0,0,0,0,0,0,0,1,0,0,0,0,0,0,0,0,0,0,0
335,21,8,0,0,0,0,0,0,0,0,1,0,0,0,0,0,0,0,0,0,0
336,21,9,0,1,0,0,0,0,0,0,0,0,0,0,0,0,0,0,0,0,0
337,21,2,0,0,0,0,0,0,0,0,1,0,0,0,0,0,0,0,0,0,0
338,21,9,0,1,0,0,0,0,0,0,0,0,0,0,0,0,0,0,0,0,0
339,21,2,0,0,0,0,0,0,0,0,1,0,0,0,0,0,0,0,0,0,0
340,21,9,0,1,0,0,0,0,0,0,0,0,0,0,0,0,0,0,0,0,0
341,21,2,0,0,0,0,0,0,0,0,1,0,0,0,0,0,0,0,0,0,0
342,21,9,0,1,0,0,0,0,0,0,0,0,0,0,0,0,0,0,0,0,0
343,21,9,0,1,0,0,0,0,0,0,0,0,0,0,0,0,0,0,0,0,0
344,21,2,0,0,0,0,0,0,0,0,1,0,0,0,0,0,0,0,0,0,0
345,21,9,0,1,0,0,0,0,0,0,0,0,0,0,0,0,0,0,0,0,0
346,21,2,0,0,0,0,0,0,0,0,1,0,0,0,0,0,0,0,0,0,0
347,21,9,0,1,0,0,0,0,0,0,0,0,0,0,0,0,0,0,0,0,0
348,21,2,0,0,0,0,0,0,0,0,1,0,0,0,0,0,0,0,0,0,0
349,21,9,0,1,0,0,0,0,0,0,0,0,0,0,0,0,0,0,0,0,0
350,22,3,0,0,0,0,0,0,1,0,0,0,0,0,0,0,0,0,0,0,0
351,22,7,0,1,0,0,0,0,0,0,0,0,0,0,0,0,0,0,0,0,0
352,22,3,0,1,0,0,0,0,0,0,0,0,0,0,0,0,0,0,0,0,0
353,22,7,0,1,0,0,0,0,0,0,0,0,0,0,0,0,0,0,0,0,0
354,22,7,0,1,0,0,0,0,0,0,0,0,0,0,0,0,0,0,0,0,0
355,22,2,0,0,0,0,0,0,1,0,0,0,0,0,0,0,0,0,0,0,0
356,22,2,0,0,0,0,0,0,1,0,0,0,0,0,0,0,0,0,0,0,0
357,22,7,0,1,0,0,0,0,0,0,0,0,0,0,0,0,0,0,0,0,0
358,22,2,0,0,0,0,0,0,1,0,0,0,0,0,0,0,0,0,0,0,0
359,22,3,0,0,0,0,0,0,1,0,0,0,0,0,0,0,0,0,0,0,0
360,22,3,0,0,0,0,0,0,1,0,0,0,0,0,0,0,0,0,0,0,0
361,22,7,0,1,0,0,0,0,0,0,0,0,0,0,0,0,0,0,0,0,0
362,22,7,0,1,0,0,0,0,0,0,0,0,0,0,0,0,0,0,0,0,0
363,22,3,0,1,0,0,0,0,0,0,0,0,0,0,0,0,0,0,0,0,0
364,23,3,0,0,0,0,0,0,1,0,0,0,0,0,0,0,0,0,0,0,0
365,23,7,0,0,1,0,0,0,0,0,0,0,0,0,0,0,0,0,0,0,0
366,23,3,0,0,0,0,0,0,1,0,0,0,0,0,0,0,0,0,0,0,0
367,23,4,0,0,0,0,0,0,1,0,0,0,0,0,0,0,0,0,0,0,0
368,23,7,0,1,1,0,0,0,0,0,0,0,0,0,0,0,0,0,0,0,0
369,23,14,0,0,0,0,0,0,0,0,0,0,0,0,0,0,0,0,0,0,1
370,23,15,0,0,0,0,0,0,0,0,0,0,0,0,0,0,0,0,0,0,1
371,23,19,0,0,0,0,0,0,0,0,0,0,0,0,0,0,1,0,0,0,0
372,23,15,0,0,0,0,0,0,0,0,0,0,0,0,0,0,0,0,0,0,1
373,23,19,0,0,0,0,0,0,0,0,0,0,0,0,0,0,1,0,0,0,0
374,23,15,0,0,0,0,0,0,0,0,0,0,0,0,0,0,0,0,0,0,1
375,23,19,0,0,0,0,0,0,0,0,0,0,0,0,0,0,1,0,0,0,0
376,23,15,0,0,0,0,0,0,0,0,0,0,0,0,0,0,0,0,0,0,1
377,23,15,0,0,0,0,0,0,0,0,0,0,0,0,0,1,0,0,0,0,0
378,23,14,0,0,0,0,0,0,0,0,0,0,0,0,0,0,1,0,0,0,0
379,23,15,0,0,0,0,0,0,0,0,0,0,0,0,0,0,0,0,0,0,1
380,23,19,0,0,0,0,0,0,0,0,0,0,0,0,0,0,1,0,0,0,0
381,23,15,0,0,0,0,0,0,0,0,0,0,0,0,0,0,0,0,0,0,1
382,23,19,0,0,0,0,0,0,0,0,0,0,0,0,0,0,1,0,0,0,0
383,23,15,0,0,0,0,0,0,0,0,0,0,0,0,0,0,0,0,0,0,1
384,23,15,0,0,0,0,0,0,0,0,0,0,0,0,0,1,0,0,0,0,0
385,24,18,0,1,0,0,0,0,0,0,0,0,0,0,0,0,0,1,1,0,0
386,24,2,0,0,0,0,0,0,0,0,0,0,0,0,0,0,0,0,0,1,0
387,24,18,0,1,0,0,0,0,0,0,0,0,0,0,0,0,0,0,0,0,0
388,24,16,0,1,0,0,0,0,0,0,0,0,0,0,0,0,0,0,0,0,0
389,24,17,0,0,0,0,0,0,0,0,0,0,0,0,0,0,0,1,0,0,0
390,24,2,0,0,0,0,0,0,0,0,0,0,0,0,0,0,0,1,0,0,0
391,24,2,0,0,0,0,0,0,0,0,0,0,0,0,0,0,0,1,1,1,0
392,24,18,0,0,0,0,0,0,0,0,0,0,0,0,0,0,0,0,1,0,0
393,24,16,0,0,0,0,0,0,0,0,0,0,0,0,0,0,0,0,1,0,0
394,24,16,0,1,0,0,0,0,0,0,0,0,0,0,0,0,0,0,0,0,0
395,24,2,0,0,0,0,0,0,0,0,0,0,0,0,0,0,0,1,0,0,0
396,24,2,0,0,0,0,0,0,0,0,0,0,0,0,0,0,0,0,1,0,0
397,24,18,0,0,0,0,0,0,0,0,0,0,0,0,0,0,0,0,1,0,0
398,24,16,0,0,0,0,0,0,0,0,0,0,0,0,0,0,0,0,1,0,0
399,24,16,0,1,0,0,0,0,0,0,0,0,0,0,0,0,0,0,0,0,0
400,24,2,0,0,0,0,0,0,0,0,0,0,0,0,0,0,0,1,0,0,0
401,24,17,0,1,0,0,0,0,0,0,0,0,0,0,0,0,0,0,0,0,0
402,24,2,0,0,0,0,0,0,0,0,0,0,0,0,0,0,0,0,1,0,0
403,24,17,0,1,0,0,0,0,0,0,0,0,0,0,0,0,0,0,0,0,0
404,24,16,0,1,0,0,0,0,0,0,0,0,0,0,0,0,0,0,0,0,0
405,24,16,0,1,0,0,0,0,0,0,0,0,0,0,0,0,0,0,0,0,0
406,24,2,0,0,0,0,0,0,0,0,0,0,0,0,0,0,0,1,0,0,0
407,24,16,0,1,0,0,0,0,0,0,0,0,0,0,0,0,0,0,0,0,0
408,24,16,0,1,0,0,0,0,0,0,0,0,0,0,0,0,0,0,0,0,0
409,24,2,0,0,0,0,0,0,0,0,0,0,0,0,0,0,0,1,0,0,0
410,24,2,0,0,0,0,0,0,0,0,0,0,0,0,0,0,0,0,0,1,0
411,25,4,0,0,0,0,1,0,0,0,0,0,0,0,0,0,0,0,0,0,0
412,25,6,0,0,0,1,0,0,0,0,0,0,0,0,0,0,0,0,0,0,0
413,25,7,0,1,0,0,0,0,0,0,0,0,0,0,0,0,0,0,0,0,0
414,25,2,0,0,0,0,0,0,1,0,0,0,0,0,0,0,0,0,0,0,0
415,25,7,0,1,0,0,0,0,0,0,0,0,0,0,0,0,0,0,0,0,0
416,25,2,0,0,0,0,0,0,1,0,0,0,0,0,0,0,0,0,0,0,0
417,25,7,0,1,0,0,0,0,0,0,0,0,0,0,0,0,0,0,0,0,0
418,26,2,0,0,0,0,0,0,1,0,0,0,0,0,0,0,0,0,0,0,0
419,26,7,0,1,0,0,0,0,0,0,0,0,0,0,0,0,0,0,0,0,0
420,26,2,0,0,0,0,0,0,1,0,0,0,0,0,0,0,0,0,0,0,0
421,26,7,0,1,0,0,0,0,0,0,0,0,0,0,0,0,0,0,0,0,0
422,26,2,0,0,0,0,0,0,1,0,0,0,0,0,0,0,0,0,0,0,0
423,26,7,0,1,0,0,0,0,0,0,0,0,0,0,0,0,0,0,0,0,0
424,26,2,0,0,0,0,0,0,1,0,0,0,0,0,0,0,0,0,0,0,0
425,26,7,0,1,0,0,0,0,0,0,0,0,0,0,0,0,0,0,0,0,0
426,26,7,0,1,0,0,0,0,0,0,0,0,0,0,0,0,0,0,0,0,0
427,26,7,0,1,0,0,0,0,0,0,0,0,0,0,0,0,0,0,0,0,0
428,27,2,1,0,0,0,0,0,0,0,0,0,0,0,0,0,0,0,0,0,0
429,27,1,0,1,0,0,0,0,0,0,0,0,0,0,0,0,0,0,0,0,0
430,27,2,1,0,0,0,0,0,0,0,0,0,0,0,0,0,0,0,0,0,0
431,27,1,0,1,0,0,0,0,0,0,0,0,0,0,0,0,0,0,0,0,0
432,27,2,1,0,0,0,0,0,0,0,0,0,0,0,0,0,0,0,0,0,0
433,27,1,0,1,0,0,0,0,0,0,0,0,0,0,0,0,0,0,0,0,0
434,27,2,1,0,0,0,0,0,0,0,0,0,0,0,0,0,0,0,0,0,0
435,27,1,0,1,0,0,0,0,0,0,0,0,0,0,0,0,0,0,0,0,0
436,27,2,1,0,0,0,0,0,0,0,0,0,0,0,0,0,0,0,0,0,0
437,27,1,0,1,0,0,0,0,0,0,0,0,0,0,0,0,0,0,0,0,0
438,27,2,1,0,0,0,0,0,0,0,0,0,0,0,0,0,0,0,0,0,0
439,27,1,0,1,0,0,0,0,0,0,0,0,0,0,0,0,0,0,0,0,0
440,27,2,1,0,0,0,0,0,0,0,0,0,0,0,0,0,0,0,0,0,0
441,27,1,0,1,0,0,0,0,0,0,0,0,0,0,0,0,0,0,0,0,0
442,27,2,1,0,0,0,0,0,0,0,0,0,0,0,0,0,0,0,0,0,0
443,27,1,0,1,0,0,0,0,0,0,0,0,0,0,0,0,0,0,0,0,0
444,27,1,0,1,0,0,0,0,0,0,0,0,0,0,0,0,0,0,0,0,0
445,28,16,0,1,0,0,0,0,0,0,0,0,0,0,0,0,0,0,0,0,0
446,28,2,0,0,0,0,0,0,0,0,0,0,0,0,0,0,0,1,0,0,0
447,28,1,0,1,0,0,0,0,0,0,0,0,0,0,0,0,0,0,0,0,0
448,28,2,1,0,0,0,0,0,0,0,0,0,0,0,0,0,0,0,0,0,0
449,29,18,0,1,0,0,0,0,0,0,0,0,0,0,0,0,0,1,0,0,0
450,29,16,0,0,0,0,0,0,0,0,0,0,0,0,0,0,0,0,0,1,0
451,29,18,0,0,0,0,0,0,0,0,0,0,0,0,0,0,0,1,0,0,0
452,29,18,0,1,0,0,0,0,0,0,0,0,0,0,0,0,0,0,0,0,0
453,29,2,0,0,0,0,0,0,0,0,0,0,0,0,0,0,0,0,0,1,0
454,29,18,0,1,0,0,0,0,0,0,0,0,0,0,0,0,0,0,0,0,0
455,29,2,0,0,0,0,0,0,0,0,0,0,0,0,0,0,0,0,0,1,0
456,29,18,0,1,0,0,0,0,0,0,0,0,0,0,0,0,0,0,0,0,0
457,30,16,0,1,0,0,0,0,0,0,0,0,0,0,0,0,0,0,0,0,0
458,30,16,0,1,0,0,0,0,0,0,0,0,0,0,0,0,0,0,0,0,0
459,30,2,0,0,0,0,0,0,0,0,0,0,0,0,0,0,0,1,0,0,0
460,30,16,0,1,0,0,0,0,0,0,0,0,0,0,0,0,0,0,0,0,0
461,30,16,0,1,0,0,0,0,0,0,0,0,0,0,0,0,0,0,0,0,0
462,31,6,0,1,0,0,0,0,0,0,0,0,0,0,0,0,0,0,0,0,0
463,31,7,0,1,0,0,0,0,0,0,0,0,0,0,0,0,0,0,0,0,0
464,32,7,0,1,0,0,0,0,0,0,0,0,0,0,0,0,0,0,0,0,0
465,32,2,0,0,0,0,0,0,1,0,0,0,0,0,0,0,0,0,0,0,0
466,32,7,0,1,0,0,0,0,0,0,0,0,0,0,0,0,0,0,0,0,0
467,32,2,0,0,0,0,0,0,1,0,0,0,0,0,0,0,0,0,0,0,0
468,32,7,0,1,0,0,0,0,0,0,0,0,0,0,0,0,0,0,0,0,0
469,32,2,0,0,0,0,0,0,1,0,0,0,0,0,0,0,0,0,0,0,0
470,32,7,0,1,0,0,0,0,0,0,0,0,0,0,0,0,0,0,0,0,0
471,32,2,0,0,0,0,0,0,1,0,0,0,0,0,0,0,0,0,0,0,0
472,32,7,0,1,0,0,0,0,0,0,0,0,0,0,0,0,0,0,0,0,0
473,32,2,0,0,0,0,0,0,1,0,0,0,0,0,0,0,0,0,0,0,0
474,32,7,0,1,0,0,0,0,0,0,0,0,0,0,0,0,0,0,0,0,0
475,32,2,0,0,0,0,0,0,1,0,0,0,0,0,0,0,0,0,0,0,0
476,32,2,0,0,0,0,0,0,1,0,0,0,0,0,0,0,0,0,0,0,0
477,32,7,0,1,0,0,0,0,0,0,0,0,0,0,0,0,0,0,0,0,0
478,32,2,0,0,0,0,0,0,1,0,0,0,0,0,0,0,0,0,0,0,0
479,32,7,0,1,0,0,0,0,0,0,0,0,0,0,0,0,0,0,0,0,0
480,33,4,0,1,0,0,0,0,0,0,0,0,0,0,0,0,0,0,0,0,0
481,33,2,0,0,0,1,0,0,0,0,0,0,0,0,0,0,0,0,0,0,0
482,33,4,0,1,0,0,0,0,0,0,0,0,0,0,0,0,0,0,0,0,0
483,33,2,0,0,0,1,0,0,0,0,0,0,0,0,0,0,0,0,0,0,0
484,33,4,0,1,0,0,0,0,0,0,0,0,0,0,0,0,0,0,0,0,0
485,33,2,0,0,0,1,0,0,0,0,0,0,0,0,0,0,0,0,0,0,0
486,33,4,0,1,0,0,0,0,0,0,0,0,0,0,0,0,0,0,0,0,0
487,33,2,0,0,0,1,0,0,0,0,0,0,0,0,0,0,0,0,0,0,0
488,33,4,0,1,0,0,0,0,0,0,0,0,0,0,0,0,0,0,0,0,0
489,33,5,0,0,0,1,0,0,0,0,0,0,0,0,0,0,0,0,0,0,0
490,33,2,0,0,0,1,0,0,0,0,0,0,0,0,0,0,0,0,0,0,0
491,33,2,0,0,0,1,0,0,0,0,0,0,0,0,0,0,0,0,0,0,0
492,33,5,0,0,0,0,0,0,1,0,0,0,0,0,0,0,0,0,0,0,0
493,33,7,0,0,0,0,1,0,0,0,0,0,0,0,0,0,0,0,0,0,0
494,33,5,0,0,0,0,0,0,1,0,0,0,0,0,0,0,0,0,0,0,0
495,33,7,0,0,0,0,1,0,0,0,0,0,0,0,0,0,0,0,0,0,0
496,33,5,0,0,0,0,0,0,1,0,0,0,0,0,0,0,0,0,0,0,0
497,33,7,0,0,0,0,1,0,0,0,0,0,0,0,0,0,0,0,0,0,0
498,33,15,0,0,0,0,0,0,1,0,0,0,0,0,0,0,0,0,0,0,0
499,33,7,0,0,0,0,0,0,0,0,0,0,0,0,0,0,1,0,0,0,0
500,33,15,0,0,0,0,0,0,1,0,0,0,0,0,0,0,0,0,0,0,0
501,33,7,0,0,0,0,0,0,0,0,0,0,0,0,0,0,1,0,0,0,0
502,33,15,0,0,0,0,0,0,1,0,0,0,0,0,0,0,0,0,0,0,0
503,33,15,0,0,0,0,0,0,1,0,0,0,0,0,0,0,0,0,0,0,0
504,33,7,0,0,0,0,0,0,0,0,0,0,0,0,0,0,1,0,0,0,0
505,34,1,0,0,0,0,0,0,1,0,0,0,0,0,0,0,0,0,0,0,0
506,34,7,1,0,0,0,0,0,0,0,0,0,0,0,0,0,0,0,0,0,0
507,34,1,0,0,0,0,0,0,1,0,0,0,0,0,0,0,0,0,0,0,0
508,34,2,1,0,0,0,0,0,0,0,0,0,0,0,0,0,0,0,0,0,0
509,34,1,0,1,0,0,0,0,0,0,0,0,0,0,0,0,0,0,0,0,0
510,34,2,1,0,0,0,0,0,0,0,0,0,0,0,0,0,0,0,0,0,0
511,34,1,0,1,0,0,0,0,0,0,0,0,0,0,0,0,0,0,0,0,0
512,34,2,1,0,0,0,0,0,0,0,0,0,0,0,0,0,0,0,0,0,0
513,34,1,0,1,0,0,0,0,0,0,0,0,0,0,0,0,0,0,0,0,0
514,34,2,1,0,0,0,0,0,0,0,0,0,0,0,0,0,0,0,0,0,0
515,34,1,0,1,0,0,0,0,0,0,0,0,0,0,0,0,0,0,0,0,0
516,34,1,0,1,0,0,0,0,0,0,0,0,0,0,0,0,0,0,0,0,0
517,34,2,1,0,0,0,0,0,0,0,0,0,0,0,0,0,0,0,0,0,0
518,34,1,0,1,0,0,0,0,0,0,0,0,0,0,0,0,0,0,0,0,0
519,34,2,1,0,0,0,0,0,0,0,0,0,0,0,0,0,0,0,0,0,0
520,34,1,0,1,0,0,0,0,0,0,0,0,0,0,0,0,0,0,0,0,0
521,34,1,0,1,0,0,0,0,0,0,0,0,0,0,0,0,0,0,0,0,0
522,34,2,1,0,0,0,0,0,0,0,0,0,0,0,0,0,0,0,0,0,0
523,34,1,0,1,0,0,0,0,0,0,0,0,0,0,0,0,0,0,0,0,0
524,34,2,1,0,0,0,0,0,0,0,0,0,0,0,0,0,0,0,0,0,0
525,34,2,1,0,0,0,0,0,0,0,0,0,0,0,0,0,0,0,0,0,0
526,35,1,0,1,0,0,0,0,0,0,0,0,0,0,0,0,0,0,0,0,0
527,35,2,1,0,0,0,0,0,0,0,0,0,0,0,0,0,0,0,0,0,0
528,35,1,0,1,0,0,0,0,0,0,0,0,0,0,0,0,0,0,0,0,0
529,35,2,1,0,0,0,0,0,0,0,0,0,0,0,0,0,0,0,0,0,0
530,35,2,1,0,0,0,0,0,0,0,0,0,0,0,0,0,0,0,0,0,0
531,35,2,1,0,0,0,0,0,0,0,0,0,0,0,0,0,0,0,0,0,0
532,36,7,0,0,1,0,1,1,0,0,0,0,0,0,0,0,0,0,0,0,0
533,36,5,0,0,0,0,0,0,1,0,0,0,0,0,0,0,0,0,0,0,0
534,36,7,0,0,0,0,1,0,0,0,0,0,0,0,0,0,0,0,0,0,0
535,36,6,0,0,0,0,0,0,1,0,0,0,0,0,0,0,0,0,0,0,0
536,36,7,0,0,0,0,0,1,0,0,0,0,0,0,0,0,0,0,0,0,0
537,36,6,0,0,0,0,0,0,1,0,0,0,0,0,0,0,0,0,0,0,0
538,36,7,0,0,1,0,1,1,0,0,0,0,0,0,0,0,0,0,0,0,0
539,36,5,0,0,0,0,0,0,1,0,0,0,0,0,0,0,0,0,0,0,0
540,36,7,0,0,0,0,0,1,0,0,0,0,0,0,0,0,0,0,0,0,0
541,36,6,0,0,0,0,0,0,1,0,0,0,0,0,0,0,0,0,0,0,0
542,36,7,0,0,0,0,0,1,0,0,0,0,0,0,0,0,0,0,0,0,0
543,36,7,0,0,0,0,0,1,0,0,0,0,0,0,0,0,0,0,0,0,0
544,36,7,0,0,0,0,1,0,0,0,0,0,0,0,0,0,0,0,0,0,0
545,36,5,0,0,0,0,0,0,1,0,0,0,0,0,0,0,0,0,0,0,0
546,36,7,0,0,1,0,1,1,0,0,0,0,0,0,0,0,0,0,0,0,0
547,37,2,1,0,0,0,0,0,0,0,0,0,0,0,0,0,0,0,0,0,0
548,37,2,1,0,0,0,0,0,0,0,0,0,0,0,0,0,0,0,0,0,0
549,37,1,0,1,0,0,0,0,0,0,0,0,0,0,0,0,0,0,0,0,0
550,37,1,0,1,0,0,0,0,0,0,0,0,0,0,0,0,0,0,0,0,0
551,38,7,0,0,1,0,1,1,0,0,0,0,0,0,0,0,0,0,0,0,0
552,38,5,0,0,0,0,0,0,1,0,0,0,0,0,0,0,0,0,0,0,0
553,38,7,0,0,1,0,0,0,0,0,0,0,0,0,0,0,0,0,0,0,0
554,38,7,0,0,0,0,1,0,0,0,0,0,0,0,0,0,0,0,0,0,0
555,38,5,0,0,0,0,0,0,1,0,0,0,0,0,0,0,0,0,0,0,0
556,38,3,0,0,0,0,0,0,1,0,0,0,0,0,0,0,0,0,0,0,0
557,38,7,0,0,1,0,0,0,0,0,0,0,0,0,0,0,0,0,0,0,0
558,38,7,0,0,1,0,0,0,0,0,0,0,0,0,0,0,0,0,0,0,0
559,38,3,0,0,0,0,0,0,1,0,0,0,0,0,0,0,0,0,0,0,0
560,38,7,0,0,1,0,0,0,0,0,0,0,0,0,0,0,0,0,0,0,0
561,38,6,0,0,0,0,0,0,1,0,0,0,0,0,0,0,0,0,0,0,0
562,38,7,0,0,1,0,0,0,0,0,0,0,0,0,0,0,0,0,0,0,0
563,38,3,0,0,0,0,0,0,1,0,0,0,0,0,0,0,0,0,0,0,0
564,38,7,0,0,1,0,0,0,0,0,0,0,0,0,0,0,0,0,0,0,0
565,38,7,0,0,1,0,0,0,0,0,0,0,0,0,0,0,0,0,0,0,0
566,38,3,0,0,0,0,0,0,1,0,0,0,0,0,0,0,0,0,0,0,0
567,38,6,0,0,0,0,0,0,1,0,0,0,0,0,0,0,0,0,0,0,0
568,38,7,0,0,0,0,1,0,0,0,0,0,0,0,0,0,0,0,0,0,0
569,38,5,0,0,0,0,0,0,1,0,0,0,0,0,0,0,0,0,0,0,0
570,38,7,0,0,0,0,1,0,0,0,0,0,0,0,0,0,0,0,0,0,0
571,38,5,0,0,0,0,0,0,1,0,0,0,0,0,0,0,0,0,0,0,0
572,38,5,0,0,0,0,0,0,1,0,0,0,0,0,0,0,0,0,0,0,0
573,38,5,0,0,0,0,0,1,0,0,0,0,0,0,0,0,0,0,0,0,0
574,38,2,1,0,0,0,0,0,0,0,0,0,0,0,0,0,0,0,0,0,0
575,38,1,0,1,0,0,0,0,0,0,0,0,0,0,0,0,0,0,0,0,0
576,38,2,1,0,0,0,0,0,0,0,0,0,0,0,0,0,0,0,0,0,0
577,38,1,0,1,0,0,0,0,0,0,0,0,0,0,0,0,0,0,0,0,0
578,38,2,1,0,0,0,0,0,0,0,0,0,0,0,0,0,0,0,0,0,0
579,38,2,1,0,0,0,0,0,0,0,0,0,0,0,0,0,0,0,0,0,0
580,38,1,0,1,0,0,0,0,0,0,0,0,0,0,0,0,0,0,0,0,0
581,38,2,1,0,0,0,0,0,0,0,0,0,0,0,0,0,0,0,0,0,0
582,38,1,0,1,0,0,0,0,0,0,0,0,0,0,0,0,0,0,0,0,0
583,38,2,0,0,1,0,0,0,0,0,0,0,0,0,0,0,0,0,0,0,0
584,38,1,0,1,0,0,0,0,0,0,0,0,0,0,0,0,0,0,0,0,0
585,38,2,1,0,0,0,0,0,0,0,0,0,0,0,0,0,0,0,0,0,0
586,38,1,0,1,0,0,0,0,0,0,0,0,0,0,0,0,0,0,0,0,0
587,38,2,1,0,0,0,0,0,0,0,0,0,0,0,0,0,0,0,0,0,0
588,38,1,0,1,0,0,0,0,0,0,0,0,0,0,0,0,0,0,0,0,0
589,38,2,1,0,0,0,0,0,0,0,0,0,0,0,0,0,0,0,0,0,0
590,38,1,0,1,0,0,0,0,0,0,0,0,0,0,0,0,0,0,0,0,0
591,38,2,0,0,1,0,0,0,0,0,0,0,0,0,0,0,0,0,0,0,0
592,38,2,0,0,1,0,0,0,0,0,0,0,0,0,0,0,0,0,0,0,0
593,38,2,1,0,0,0,0,0,0,0,0,0,0,0,0,0,0,0,0,0,0
594,38,7,0,0,0,0,0,1,0,0,0,0,0,0,0,0,0,0,0,0,0
595,38,7,0,0,0,0,1,0,0,0,0,0,0,0,0,0,0,0,0,0,0
596,38,5,0,0,0,0,0,0,1,0,0,0,0,0,0,0,0,0,0,0,0
597,38,2,0,0,1,0,0,0,0,0,0,0,0,0,0,0,0,0,0,0,0
598,38,2,0,0,0,0,0,0,1,0,0,0,0,0,0,0,0,0,0,0,0
599,38,2,1,0,0,0,0,0,0,0,0,0,0,0,0,0,0,0,0,0,0
600,38,1,0,1,0,0,0,0,0,0,0,0,0,0,0,0,0,0,0,0,0
601,38,1,0,0,1,0,0,0,0,0,0,0,0,0,0,0,0,0,0,0,0
602,39,2,0,0,0,0,0,0,1,0,0,0,0,0,0,0,0,0,0,0,0
603,39,7,0,1,0,0,0,0,0,0,0,0,0,0,0,0,0,0,0,0,0
604,39,2,0,0,0,0,0,0,1,0,0,0,0,0,0,0,0,0,0,0,0
605,39,7,0,1,0,0,0,0,0,0,0,0,0,0,0,0,0,0,0,0,0
606,39,2,0,0,0,0,0,0,1,0,0,0,0,0,0,0,0,0,0,0,0
607,39,7,0,1,0,0,0,0,0,0,0,0,0,0,0,0,0,0,0,0,0
608,39,2,0,0,0,0,0,0,1,0,0,0,0,0,0,0,0,0,0,0,0
609,39,7,0,1,0,0,0,0,0,0,0,0,0,0,0,0,0,0,0,0,0
610,39,7,0,1,0,0,0,0,0,0,0,0,0,0,0,0,0,0,0,0,0
611,39,2,0,0,0,0,0,0,1,0,0,0,0,0,0,0,0,0,0,0,0
612,39,7,0,1,0,0,0,0,0,0,0,0,0,0,0,0,0,0,0,0,0
613,39,1,0,0,0,0,0,0,1,0,0,0,0,0,0,0,0,0,0,0,0
614,39,7,1,0,0,0,0,0,0,0,0,0,0,0,0,0,0,0,0,0,0
615,39,7,0,1,0,0,0,0,0,0,0,0,0,0,0,0,0,0,0,0,0
616,39,4,0,0,0,0,0,0,1,0,0,0,0,0,0,0,0,0,0,0,0
617,39,7,0,0,0,1,0,0,0,0,0,0,0,0,0,0,0,0,0,0,0
618,39,4,0,0,0,0,0,0,1,0,0,0,0,0,0,0,0,0,0,0,0
619,39,1,0,0,0,1,0,0,0,0,0,0,0,0,0,0,0,0,0,0,0
620,39,1,0,0,0,1,0,0,0,0,0,0,0,0,0,0,0,0,0,0,0
621,39,1,0,0,0,0,0,0,1,0,0,0,0,0,0,0,0,0,0,0,0
622,39,7,0,1,0,0,0,0,0,0,0,0,0,0,0,0,0,0,0,0,0
623,39,2,0,0,0,0,0,0,1,0,0,0,0,0,0,0,0,0,0,0,0
624,39,7,0,1,0,0,0,0,0,0,0,0,0,0,0,0,0,0,0,0,0
625,39,7,0,1,0,0,0,0,0,0,0,0,0,0,0,0,0,0,0,0,0
626,39,2,0,0,0,0,0,0,1,0,0,0,0,0,0,0,0,0,0,0,0
